log_id,transaction_id,settlement_id,gateway,event_type,status,timestamp,response_code,message
GWL-00001,TXN-10001,SET-001,DemoPay,PAYMENT_RECEIVED,RECEIVED,2026-08-24 08:27:00,200,Payment request received by gateway
GWL-00002,TXN-10001,SET-001,DemoPay,PAYMENT_AUTHORIZED,AUTHORIZED,2026-08-24 08:27:42,201,Payment authorized by acquirer
GWL-00003,TXN-10002,SET-001,DemoPay,PAYMENT_RECEIVED,RECEIVED,2026-08-24 08:30:00,200,Payment request received by gateway
GWL-00004,TXN-10002,SET-001,DemoPay,PAYMENT_AUTHORIZED,AUTHORIZED,2026-08-24 08:30:17,201,Payment authorized by acquirer
GWL-00005,TXN-10003,SET-001,DemoPay,PAYMENT_RECEIVED,RECEIVED,2026-08-24 08:32:00,200,Payment request received by gateway
GWL-00006,TXN-10003,SET-001,DemoPay,PAYMENT_AUTHORIZED,AUTHORIZED,2026-08-24 08:32:19,201,Payment authorized by acquirer
GWL-00007,TXN-10004,SET-001,DemoPay,PAYMENT_RECEIVED,RECEIVED,2026-08-24 09:35:00,200,Payment request received by gateway
GWL-00008,TXN-10004,SET-001,DemoPay,PAYMENT_AUTHORIZED,AUTHORIZED,2026-08-24 09:35:30,201,Payment authorized by acquirer
GWL-00009,TXN-10005,,DemoPay,PAYMENT_RECEIVED,RECEIVED,2026-08-24 11:23:00,200,Payment request received by gateway
GWL-00010,TXN-10005,,DemoPay,PAYMENT_FAILED,FAILED,2026-08-24 11:23:06,400,Invalid CVV in payment request
GWL-00011,TXN-10006,SET-001,DemoPay,PAYMENT_RECEIVED,RECEIVED,2026-08-24 11:43:00,200,Payment request received by gateway
GWL-00012,TXN-10006,SET-001,DemoPay,PAYMENT_AUTHORIZED,AUTHORIZED,2026-08-24 11:43:20,201,Payment authorized by acquirer
GWL-00013,TXN-10007,SET-001,DemoPay,PAYMENT_RECEIVED,RECEIVED,2026-08-24 11:58:00,200,Payment request received by gateway
GWL-00014,TXN-10007,SET-001,DemoPay,PAYMENT_AUTHORIZED,AUTHORIZED,2026-08-24 11:58:17,201,Payment authorized by acquirer
GWL-00015,TXN-10008,SET-001,DemoPay,PAYMENT_RECEIVED,RECEIVED,2026-08-24 16:37:00,200,Payment request received by gateway
GWL-00016,TXN-10008,SET-001,DemoPay,PAYMENT_AUTHORIZED,AUTHORIZED,2026-08-24 16:37:19,201,Payment authorized by acquirer
GWL-00017,TXN-10009,SET-001,DemoPay,PAYMENT_RECEIVED,RECEIVED,2026-08-24 17:18:00,200,Payment request received by gateway
GWL-00018,TXN-10009,SET-001,DemoPay,PAYMENT_AUTHORIZED,AUTHORIZED,2026-08-24 17:18:23,201,Payment authorized by acquirer
GWL-00019,TXN-10010,SET-001,DemoPay,PAYMENT_RECEIVED,RECEIVED,2026-08-24 17:34:00,200,Payment request received by gateway
GWL-00020,TXN-10010,SET-001,DemoPay,PAYMENT_AUTHORIZED,AUTHORIZED,2026-08-24 17:34:22,201,Payment authorized by acquirer
GWL-00021,TXN-10011,SET-001,DemoPay,PAYMENT_RECEIVED,RECEIVED,2026-08-24 18:16:00,200,Payment request received by gateway
GWL-00022,TXN-10011,SET-001,DemoPay,PAYMENT_AUTHORIZED,AUTHORIZED,2026-08-24 18:16:36,201,Payment authorized by acquirer
GWL-00023,TXN-10012,SET-001,DemoPay,PAYMENT_RECEIVED,RECEIVED,2026-08-24 19:05:00,200,Payment request received by gateway
GWL-00024,TXN-10012,SET-001,DemoPay,PAYMENT_AUTHORIZED,AUTHORIZED,2026-08-24 19:05:07,201,Payment authorized by acquirer
GWL-00025,TXN-10013,SET-001,DemoPay,PAYMENT_RECEIVED,RECEIVED,2026-08-24 19:58:00,200,Payment request received by gateway
GWL-00026,TXN-10013,SET-001,DemoPay,PAYMENT_AUTHORIZED,AUTHORIZED,2026-08-24 19:58:10,201,Payment authorized by acquirer
GWL-00027,,SET-001,DemoPay,SETTLEMENT_CREATED,CREATED,2026-08-24 22:05:00,201,Settlement batch created from 12 authorized transactions
GWL-00028,,SET-001,DemoPay,SETTLEMENT_SUBMITTED,SUBMITTED,2026-08-24 22:30:00,200,Settlement file submitted to bank for payout
GWL-00029,TXN-10014,SET-002,DemoPay,PAYMENT_RECEIVED,RECEIVED,2026-08-25 09:43:00,200,Payment request received by gateway
GWL-00030,TXN-10014,SET-002,DemoPay,PAYMENT_AUTHORIZED,AUTHORIZED,2026-08-25 09:43:11,201,Payment authorized by acquirer
GWL-00031,TXN-10015,,DemoPay,PAYMENT_RECEIVED,RECEIVED,2026-08-25 10:46:00,200,Payment request received by gateway
GWL-00032,TXN-10015,,DemoPay,PAYMENT_FAILED,FAILED,2026-08-25 10:46:16,402,Insufficient balance on customer card
GWL-00033,TXN-10016,SET-002,DemoPay,PAYMENT_RECEIVED,RECEIVED,2026-08-25 11:34:00,200,Payment request received by gateway
GWL-00034,TXN-10016,SET-002,DemoPay,PAYMENT_AUTHORIZED,AUTHORIZED,2026-08-25 11:34:11,201,Payment authorized by acquirer
GWL-00035,TXN-10017,SET-002,DemoPay,PAYMENT_RECEIVED,RECEIVED,2026-08-25 11:58:00,200,Payment request received by gateway
GWL-00036,TXN-10017,SET-002,DemoPay,PAYMENT_AUTHORIZED,AUTHORIZED,2026-08-25 11:58:15,201,Payment authorized by acquirer
GWL-00037,TXN-10018,SET-002,DemoPay,PAYMENT_RECEIVED,RECEIVED,2026-08-25 12:44:00,200,Payment request received by gateway
GWL-00038,TXN-10018,SET-002,DemoPay,PAYMENT_AUTHORIZED,AUTHORIZED,2026-08-25 12:44:06,201,Payment authorized by acquirer
GWL-00039,TXN-10019,SET-002,DemoPay,PAYMENT_RECEIVED,RECEIVED,2026-08-25 14:03:00,200,Payment request received by gateway
GWL-00040,TXN-10019,SET-002,DemoPay,PAYMENT_AUTHORIZED,AUTHORIZED,2026-08-25 14:03:28,201,Payment authorized by acquirer
GWL-00041,TXN-10020,SET-002,DemoPay,PAYMENT_RECEIVED,RECEIVED,2026-08-25 14:13:00,200,Payment request received by gateway
GWL-00042,TXN-10020,SET-002,DemoPay,PAYMENT_AUTHORIZED,AUTHORIZED,2026-08-25 14:13:28,201,Payment authorized by acquirer
GWL-00043,TXN-10021,SET-002,DemoPay,PAYMENT_RECEIVED,RECEIVED,2026-08-25 14:19:00,200,Payment request received by gateway
GWL-00044,TXN-10021,SET-002,DemoPay,PAYMENT_AUTHORIZED,AUTHORIZED,2026-08-25 14:19:23,201,Payment authorized by acquirer
GWL-00045,TXN-10022,SET-002,DemoPay,PAYMENT_RECEIVED,RECEIVED,2026-08-25 14:29:00,200,Payment request received by gateway
GWL-00046,TXN-10022,SET-002,DemoPay,PAYMENT_AUTHORIZED,AUTHORIZED,2026-08-25 14:29:36,201,Payment authorized by acquirer
GWL-00047,TXN-10023,SET-002,DemoPay,PAYMENT_RECEIVED,RECEIVED,2026-08-25 15:44:00,200,Payment request received by gateway
GWL-00048,TXN-10023,SET-002,DemoPay,PAYMENT_AUTHORIZED,AUTHORIZED,2026-08-25 15:44:31,201,Payment authorized by acquirer
GWL-00049,TXN-10024,SET-002,DemoPay,PAYMENT_RECEIVED,RECEIVED,2026-08-25 18:50:00,200,Payment request received by gateway
GWL-00050,TXN-10024,SET-002,DemoPay,PAYMENT_AUTHORIZED,AUTHORIZED,2026-08-25 18:50:28,201,Payment authorized by acquirer
GWL-00051,,SET-002,DemoPay,SETTLEMENT_CREATED,CREATED,2026-08-25 22:05:00,201,Settlement batch created from 10 authorized transactions
GWL-00052,,SET-002,DemoPay,SETTLEMENT_SUBMITTED,SUBMITTED,2026-08-25 22:30:00,200,Settlement file submitted to bank for payout
GWL-00053,TXN-10025,SET-003,PayFlux,PAYMENT_RECEIVED,RECEIVED,2026-08-26 10:22:00,200,Payment request received by gateway
GWL-00054,TXN-10025,SET-003,PayFlux,PAYMENT_AUTHORIZED,AUTHORIZED,2026-08-26 10:22:05,201,Payment authorized by acquirer
GWL-00055,TXN-10026,SET-003,PayFlux,PAYMENT_RECEIVED,RECEIVED,2026-08-26 10:26:00,200,Payment request received by gateway
GWL-00056,TXN-10026,SET-003,PayFlux,PAYMENT_AUTHORIZED,AUTHORIZED,2026-08-26 10:26:15,201,Payment authorized by acquirer
GWL-00057,TXN-10027,SET-003,PayFlux,PAYMENT_RECEIVED,RECEIVED,2026-08-26 12:12:00,200,Payment request received by gateway
GWL-00058,TXN-10027,SET-003,PayFlux,PAYMENT_AUTHORIZED,AUTHORIZED,2026-08-26 12:12:28,201,Payment authorized by acquirer
GWL-00059,TXN-10028,SET-003,PayFlux,PAYMENT_RECEIVED,RECEIVED,2026-08-26 12:31:00,200,Payment request received by gateway
GWL-00060,TXN-10028,SET-003,PayFlux,PAYMENT_AUTHORIZED,AUTHORIZED,2026-08-26 12:31:26,201,Payment authorized by acquirer
GWL-00061,TXN-10029,SET-003,PayFlux,PAYMENT_RECEIVED,RECEIVED,2026-08-26 14:45:00,200,Payment request received by gateway
GWL-00062,TXN-10029,SET-003,PayFlux,PAYMENT_AUTHORIZED,AUTHORIZED,2026-08-26 14:45:39,201,Payment authorized by acquirer
GWL-00063,TXN-10030,SET-003,PayFlux,PAYMENT_RECEIVED,RECEIVED,2026-08-26 15:49:00,200,Payment request received by gateway
GWL-00064,TXN-10030,SET-003,PayFlux,PAYMENT_AUTHORIZED,AUTHORIZED,2026-08-26 15:49:03,201,Payment authorized by acquirer
GWL-00065,TXN-10031,SET-003,PayFlux,PAYMENT_RECEIVED,RECEIVED,2026-08-26 17:11:00,200,Payment request received by gateway
GWL-00066,TXN-10031,SET-003,PayFlux,PAYMENT_AUTHORIZED,AUTHORIZED,2026-08-26 17:11:38,201,Payment authorized by acquirer
GWL-00067,TXN-10032,SET-003,PayFlux,PAYMENT_RECEIVED,RECEIVED,2026-08-26 17:34:00,200,Payment request received by gateway
GWL-00068,TXN-10032,SET-003,PayFlux,PAYMENT_AUTHORIZED,AUTHORIZED,2026-08-26 17:34:26,201,Payment authorized by acquirer
GWL-00069,TXN-10033,SET-003,PayFlux,PAYMENT_RECEIVED,RECEIVED,2026-08-26 18:58:00,200,Payment request received by gateway
GWL-00070,TXN-10033,SET-003,PayFlux,PAYMENT_AUTHORIZED,AUTHORIZED,2026-08-26 18:58:32,201,Payment authorized by acquirer
GWL-00071,,SET-003,PayFlux,SETTLEMENT_CREATED,CREATED,2026-08-26 22:05:00,201,Settlement batch created from 9 authorized transactions
GWL-00072,,SET-003,PayFlux,SETTLEMENT_SUBMITTED,SUBMITTED,2026-08-26 22:30:00,200,Settlement file submitted to bank for payout
GWL-00073,TXN-10034,SET-004,PayFlux,PAYMENT_RECEIVED,RECEIVED,2026-08-27 09:54:00,200,Payment request received by gateway
GWL-00074,TXN-10034,SET-004,PayFlux,PAYMENT_AUTHORIZED,AUTHORIZED,2026-08-27 09:54:02,201,Payment authorized by acquirer
GWL-00075,TXN-10035,SET-004,PayFlux,PAYMENT_RECEIVED,RECEIVED,2026-08-27 09:57:00,200,Payment request received by gateway
GWL-00076,TXN-10035,SET-004,PayFlux,PAYMENT_AUTHORIZED,AUTHORIZED,2026-08-27 09:57:24,201,Payment authorized by acquirer
GWL-00077,TXN-10036,SET-004,PayFlux,PAYMENT_RECEIVED,RECEIVED,2026-08-27 12:33:00,200,Payment request received by gateway
GWL-00078,TXN-10036,SET-004,PayFlux,PAYMENT_AUTHORIZED,AUTHORIZED,2026-08-27 12:33:21,201,Payment authorized by acquirer
GWL-00079,TXN-10037,SET-004,PayFlux,PAYMENT_RECEIVED,RECEIVED,2026-08-27 13:00:00,200,Payment request received by gateway
GWL-00080,TXN-10037,SET-004,PayFlux,PAYMENT_AUTHORIZED,AUTHORIZED,2026-08-27 13:00:26,201,Payment authorized by acquirer
GWL-00081,TXN-10038,SET-004,PayFlux,PAYMENT_RECEIVED,RECEIVED,2026-08-27 13:48:00,200,Payment request received by gateway
GWL-00082,TXN-10038,SET-004,PayFlux,PAYMENT_AUTHORIZED,AUTHORIZED,2026-08-27 13:48:28,201,Payment authorized by acquirer
GWL-00083,TXN-10039,SET-004,PayFlux,PAYMENT_RECEIVED,RECEIVED,2026-08-27 17:09:00,200,Payment request received by gateway
GWL-00084,TXN-10039,SET-004,PayFlux,PAYMENT_AUTHORIZED,AUTHORIZED,2026-08-27 17:09:36,201,Payment authorized by acquirer
GWL-00085,TXN-10040,SET-004,PayFlux,PAYMENT_RECEIVED,RECEIVED,2026-08-27 18:56:00,200,Payment request received by gateway
GWL-00086,TXN-10040,SET-004,PayFlux,PAYMENT_AUTHORIZED,AUTHORIZED,2026-08-27 18:56:36,201,Payment authorized by acquirer
GWL-00087,TXN-10041,,PayFlux,PAYMENT_RECEIVED,RECEIVED,2026-08-27 19:36:00,200,Payment request received by gateway
GWL-00088,TXN-10041,,PayFlux,PAYMENT_FAILED,FAILED,2026-08-27 19:36:40,402,Card declined by issuing bank
GWL-00089,TXN-10042,SET-004,PayFlux,PAYMENT_RECEIVED,RECEIVED,2026-08-27 19:38:00,200,Payment request received by gateway
GWL-00090,TXN-10042,SET-004,PayFlux,PAYMENT_AUTHORIZED,AUTHORIZED,2026-08-27 19:38:33,201,Payment authorized by acquirer
GWL-00091,,SET-004,PayFlux,SETTLEMENT_CREATED,CREATED,2026-08-27 22:05:00,201,Settlement batch created from 8 authorized transactions
GWL-00092,,SET-004,PayFlux,SETTLEMENT_SUBMITTED,SUBMITTED,2026-08-27 22:30:00,200,Settlement file submitted to bank for payout
GWL-00093,TXN-10043,SET-005,QuickSettle,PAYMENT_RECEIVED,RECEIVED,2026-08-28 08:59:00,200,Payment request received by gateway
GWL-00094,TXN-10043,SET-005,QuickSettle,PAYMENT_AUTHORIZED,AUTHORIZED,2026-08-28 08:59:16,201,Payment authorized by acquirer
GWL-00095,TXN-10044,SET-005,QuickSettle,PAYMENT_RECEIVED,RECEIVED,2026-08-28 09:10:00,200,Payment request received by gateway
GWL-00096,TXN-10044,SET-005,QuickSettle,PAYMENT_AUTHORIZED,AUTHORIZED,2026-08-28 09:10:19,201,Payment authorized by acquirer
GWL-00097,TXN-10045,SET-005,QuickSettle,PAYMENT_RECEIVED,RECEIVED,2026-08-28 09:20:00,200,Payment request received by gateway
GWL-00098,TXN-10045,SET-005,QuickSettle,PAYMENT_AUTHORIZED,AUTHORIZED,2026-08-28 09:20:29,201,Payment authorized by acquirer
GWL-00099,TXN-10046,,QuickSettle,PAYMENT_RECEIVED,RECEIVED,2026-08-28 09:27:00,200,Payment request received by gateway
GWL-00100,TXN-10046,,QuickSettle,PAYMENT_FAILED,FAILED,2026-08-28 09:27:33,402,Card declined by issuing bank
GWL-00101,TXN-10047,SET-005,QuickSettle,PAYMENT_RECEIVED,RECEIVED,2026-08-28 10:08:00,200,Payment request received by gateway
GWL-00102,TXN-10047,SET-005,QuickSettle,PAYMENT_AUTHORIZED,AUTHORIZED,2026-08-28 10:08:26,201,Payment authorized by acquirer
GWL-00103,TXN-10048,SET-005,QuickSettle,PAYMENT_RECEIVED,RECEIVED,2026-08-28 10:11:00,200,Payment request received by gateway
GWL-00104,TXN-10048,SET-005,QuickSettle,PAYMENT_AUTHORIZED,AUTHORIZED,2026-08-28 10:11:23,201,Payment authorized by acquirer
GWL-00105,TXN-10049,SET-005,QuickSettle,PAYMENT_RECEIVED,RECEIVED,2026-08-28 12:06:00,200,Payment request received by gateway
GWL-00106,TXN-10049,SET-005,QuickSettle,PAYMENT_AUTHORIZED,AUTHORIZED,2026-08-28 12:06:44,201,Payment authorized by acquirer
GWL-00107,TXN-10050,SET-005,QuickSettle,PAYMENT_RECEIVED,RECEIVED,2026-08-28 16:06:00,200,Payment request received by gateway
GWL-00108,TXN-10050,SET-005,QuickSettle,PAYMENT_AUTHORIZED,AUTHORIZED,2026-08-28 16:06:45,201,Payment authorized by acquirer
GWL-00109,TXN-10051,SET-005,QuickSettle,PAYMENT_RECEIVED,RECEIVED,2026-08-28 16:17:00,200,Payment request received by gateway
GWL-00110,TXN-10051,SET-005,QuickSettle,PAYMENT_AUTHORIZED,AUTHORIZED,2026-08-28 16:17:27,201,Payment authorized by acquirer
GWL-00111,TXN-10052,SET-005,QuickSettle,PAYMENT_RECEIVED,RECEIVED,2026-08-28 17:05:00,200,Payment request received by gateway
GWL-00112,TXN-10052,SET-005,QuickSettle,PAYMENT_AUTHORIZED,AUTHORIZED,2026-08-28 17:05:12,201,Payment authorized by acquirer
GWL-00113,TXN-10053,SET-005,QuickSettle,PAYMENT_RECEIVED,RECEIVED,2026-08-28 17:40:00,200,Payment request received by gateway
GWL-00114,TXN-10053,SET-005,QuickSettle,PAYMENT_AUTHORIZED,AUTHORIZED,2026-08-28 17:40:31,201,Payment authorized by acquirer
GWL-00115,TXN-10054,SET-005,QuickSettle,PAYMENT_RECEIVED,RECEIVED,2026-08-28 19:15:00,200,Payment request received by gateway
GWL-00116,TXN-10054,SET-005,QuickSettle,PAYMENT_AUTHORIZED,AUTHORIZED,2026-08-28 19:15:10,201,Payment authorized by acquirer
GWL-00117,,SET-005,QuickSettle,SETTLEMENT_CREATED,CREATED,2026-08-28 22:05:00,201,Settlement batch created from 11 authorized transactions
GWL-00118,,SET-005,QuickSettle,SETTLEMENT_SUBMITTED,SUBMITTED,2026-08-28 22:30:00,200,Settlement file submitted to bank for payout
GWL-00119,TXN-10055,,DemoPay,PAYMENT_RECEIVED,RECEIVED,2026-08-29 09:12:00,200,Payment request received by gateway
GWL-00120,TXN-10055,,DemoPay,PAYMENT_RECEIVED,PENDING,2026-08-29 09:12:41,202,Awaiting authorization from acquirer
GWL-00121,TXN-10056,SET-006,DemoPay,PAYMENT_RECEIVED,RECEIVED,2026-08-29 10:15:00,200,Payment request received by gateway
GWL-00122,TXN-10056,SET-006,DemoPay,PAYMENT_AUTHORIZED,AUTHORIZED,2026-08-29 10:15:36,201,Payment authorized by acquirer
GWL-00123,TXN-10057,SET-006,DemoPay,PAYMENT_RECEIVED,RECEIVED,2026-08-29 11:39:00,200,Payment request received by gateway
GWL-00124,TXN-10057,SET-006,DemoPay,PAYMENT_AUTHORIZED,AUTHORIZED,2026-08-29 11:39:03,201,Payment authorized by acquirer
GWL-00125,TXN-10058,SET-006,DemoPay,PAYMENT_RECEIVED,RECEIVED,2026-08-29 12:03:00,200,Payment request received by gateway
GWL-00126,TXN-10058,SET-006,DemoPay,PAYMENT_AUTHORIZED,AUTHORIZED,2026-08-29 12:03:27,201,Payment authorized by acquirer
GWL-00127,TXN-10059,SET-006,DemoPay,PAYMENT_RECEIVED,RECEIVED,2026-08-29 12:45:00,200,Payment request received by gateway
GWL-00128,TXN-10059,SET-006,DemoPay,PAYMENT_AUTHORIZED,AUTHORIZED,2026-08-29 12:45:39,201,Payment authorized by acquirer
GWL-00129,TXN-10060,SET-006,DemoPay,PAYMENT_RECEIVED,RECEIVED,2026-08-29 13:38:00,200,Payment request received by gateway
GWL-00130,TXN-10060,SET-006,DemoPay,PAYMENT_AUTHORIZED,AUTHORIZED,2026-08-29 13:38:38,201,Payment authorized by acquirer
GWL-00131,TXN-10061,SET-006,DemoPay,PAYMENT_RECEIVED,RECEIVED,2026-08-29 16:17:00,200,Payment request received by gateway
GWL-00132,TXN-10061,SET-006,DemoPay,PAYMENT_AUTHORIZED,AUTHORIZED,2026-08-29 16:17:44,201,Payment authorized by acquirer
GWL-00133,TXN-10062,SET-006,DemoPay,PAYMENT_RECEIVED,RECEIVED,2026-08-29 16:46:00,200,Payment request received by gateway
GWL-00134,TXN-10062,SET-006,DemoPay,PAYMENT_AUTHORIZED,AUTHORIZED,2026-08-29 16:46:03,201,Payment authorized by acquirer
GWL-00135,TXN-10063,SET-006,DemoPay,PAYMENT_RECEIVED,RECEIVED,2026-08-29 17:12:00,200,Payment request received by gateway
GWL-00136,TXN-10063,SET-006,DemoPay,PAYMENT_AUTHORIZED,AUTHORIZED,2026-08-29 17:12:07,201,Payment authorized by acquirer
GWL-00137,TXN-10064,SET-006,DemoPay,PAYMENT_RECEIVED,RECEIVED,2026-08-29 19:25:00,200,Payment request received by gateway
GWL-00138,TXN-10064,SET-006,DemoPay,PAYMENT_AUTHORIZED,AUTHORIZED,2026-08-29 19:25:43,201,Payment authorized by acquirer
GWL-00139,,SET-006,DemoPay,SETTLEMENT_CREATED,CREATED,2026-08-29 22:05:00,201,Settlement batch created from 9 authorized transactions
GWL-00140,,SET-006,DemoPay,SETTLEMENT_SUBMITTED,SUBMITTED,2026-08-29 22:30:00,200,Settlement file submitted to bank for payout
GWL-00141,TXN-10065,SET-007,DemoPay,PAYMENT_RECEIVED,RECEIVED,2026-08-30 08:15:00,200,Payment request received by gateway
GWL-00142,TXN-10065,SET-007,DemoPay,PAYMENT_AUTHORIZED,AUTHORIZED,2026-08-30 08:15:29,201,Payment authorized by acquirer
GWL-00143,TXN-10066,SET-007,DemoPay,PAYMENT_RECEIVED,RECEIVED,2026-08-30 08:51:00,200,Payment request received by gateway
GWL-00144,TXN-10077,SET-008,QuickSettle,PAYMENT_RECEIVED,RECEIVED,2026-08-30 08:51:00,200,Payment request received by gateway
GWL-00145,TXN-10066,SET-007,DemoPay,PAYMENT_AUTHORIZED,AUTHORIZED,2026-08-30 08:51:10,201,Payment authorized by acquirer
GWL-00146,TXN-10077,SET-008,QuickSettle,PAYMENT_AUTHORIZED,AUTHORIZED,2026-08-30 08:51:28,201,Payment authorized by acquirer
GWL-00147,TXN-10078,SET-008,QuickSettle,PAYMENT_RECEIVED,RECEIVED,2026-08-30 08:58:00,200,Payment request received by gateway
GWL-00148,TXN-10078,SET-008,QuickSettle,PAYMENT_AUTHORIZED,AUTHORIZED,2026-08-30 08:58:18,201,Payment authorized by acquirer
GWL-00149,TXN-10067,,DemoPay,PAYMENT_RECEIVED,RECEIVED,2026-08-30 09:17:00,200,Payment request received by gateway
GWL-00150,TXN-10067,,DemoPay,PAYMENT_FAILED,FAILED,2026-08-30 09:17:31,402,Card declined by issuing bank
GWL-00151,TXN-10068,SET-007,DemoPay,PAYMENT_RECEIVED,RECEIVED,2026-08-30 09:35:00,200,Payment request received by gateway
GWL-00152,TXN-10068,SET-007,DemoPay,PAYMENT_AUTHORIZED,AUTHORIZED,2026-08-30 09:35:05,201,Payment authorized by acquirer
GWL-00153,TXN-10069,SET-007,DemoPay,PAYMENT_RECEIVED,RECEIVED,2026-08-30 09:40:00,200,Payment request received by gateway
GWL-00154,TXN-10069,SET-007,DemoPay,PAYMENT_AUTHORIZED,AUTHORIZED,2026-08-30 09:40:18,201,Payment authorized by acquirer
GWL-00155,TXN-10079,SET-008,QuickSettle,PAYMENT_RECEIVED,RECEIVED,2026-08-30 10:41:00,200,Payment request received by gateway
GWL-00156,TXN-10079,SET-008,QuickSettle,PAYMENT_AUTHORIZED,AUTHORIZED,2026-08-30 10:41:07,201,Payment authorized by acquirer
GWL-00157,TXN-10070,SET-007,DemoPay,PAYMENT_RECEIVED,RECEIVED,2026-08-30 12:15:00,200,Payment request received by gateway
GWL-00158,TXN-10070,SET-007,DemoPay,PAYMENT_AUTHORIZED,AUTHORIZED,2026-08-30 12:15:26,201,Payment authorized by acquirer
GWL-00159,TXN-10071,SET-007,DemoPay,PAYMENT_RECEIVED,RECEIVED,2026-08-30 12:45:00,200,Payment request received by gateway
GWL-00160,TXN-10071,SET-007,DemoPay,PAYMENT_AUTHORIZED,AUTHORIZED,2026-08-30 12:45:22,201,Payment authorized by acquirer
GWL-00161,TXN-10072,SET-007,DemoPay,PAYMENT_RECEIVED,RECEIVED,2026-08-30 15:33:00,200,Payment request received by gateway
GWL-00162,TXN-10072,SET-007,DemoPay,PAYMENT_AUTHORIZED,AUTHORIZED,2026-08-30 15:33:15,201,Payment authorized by acquirer
GWL-00163,TXN-10073,SET-007,DemoPay,PAYMENT_RECEIVED,RECEIVED,2026-08-30 15:53:00,200,Payment request received by gateway
GWL-00164,TXN-10073,SET-007,DemoPay,PAYMENT_AUTHORIZED,AUTHORIZED,2026-08-30 15:53:31,201,Payment authorized by acquirer
GWL-00165,TXN-10080,SET-008,QuickSettle,PAYMENT_RECEIVED,RECEIVED,2026-08-30 16:08:00,200,Payment request received by gateway
GWL-00166,TXN-10080,SET-008,QuickSettle,PAYMENT_AUTHORIZED,AUTHORIZED,2026-08-30 16:08:32,201,Payment authorized by acquirer
GWL-00167,TXN-10081,SET-008,QuickSettle,PAYMENT_RECEIVED,RECEIVED,2026-08-30 16:34:00,200,Payment request received by gateway
GWL-00168,TXN-10081,SET-008,QuickSettle,PAYMENT_AUTHORIZED,AUTHORIZED,2026-08-30 16:34:03,201,Payment authorized by acquirer
GWL-00169,TXN-10082,SET-008,QuickSettle,PAYMENT_RECEIVED,RECEIVED,2026-08-30 17:03:00,200,Payment request received by gateway
GWL-00170,TXN-10082,SET-008,QuickSettle,PAYMENT_AUTHORIZED,AUTHORIZED,2026-08-30 17:03:36,201,Payment authorized by acquirer
GWL-00171,TXN-10074,SET-007,DemoPay,PAYMENT_RECEIVED,RECEIVED,2026-08-30 17:13:00,200,Payment request received by gateway
GWL-00172,TXN-10074,SET-007,DemoPay,PAYMENT_AUTHORIZED,AUTHORIZED,2026-08-30 17:13:22,201,Payment authorized by acquirer
GWL-00173,TXN-10075,SET-007,DemoPay,PAYMENT_RECEIVED,RECEIVED,2026-08-30 17:23:00,200,Payment request received by gateway
GWL-00174,TXN-10075,SET-007,DemoPay,PAYMENT_AUTHORIZED,AUTHORIZED,2026-08-30 17:23:23,201,Payment authorized by acquirer
GWL-00175,TXN-10083,SET-008,QuickSettle,PAYMENT_RECEIVED,RECEIVED,2026-08-30 17:58:00,200,Payment request received by gateway
GWL-00176,TXN-10083,SET-008,QuickSettle,PAYMENT_AUTHORIZED,AUTHORIZED,2026-08-30 17:58:05,201,Payment authorized by acquirer
GWL-00177,TXN-10076,,DemoPay,PAYMENT_RECEIVED,RECEIVED,2026-08-30 19:07:00,200,Payment request received by gateway
GWL-00178,TXN-10076,,DemoPay,PAYMENT_FAILED,FAILED,2026-08-30 19:07:26,402,Insufficient balance on customer card
GWL-00179,,SET-007,DemoPay,SETTLEMENT_CREATED,CREATED,2026-08-30 22:05:00,201,Settlement batch created from 10 authorized transactions
GWL-00180,,SET-008,QuickSettle,SETTLEMENT_CREATED,ON_HOLD,2026-08-30 22:05:00,202,Settlement created but held for compliance review; not submitted to bank
GWL-00181,,SET-007,DemoPay,SETTLEMENT_SUBMITTED,SUBMITTED,2026-08-30 22:30:00,200,Settlement file submitted to bank for payout
GWL-00182,TXN-10084,SET-009,PayFlux,PAYMENT_RECEIVED,RECEIVED,2026-08-31 08:09:00,200,Payment request received by gateway
GWL-00183,TXN-10084,SET-009,PayFlux,PAYMENT_AUTHORIZED,AUTHORIZED,2026-08-31 08:09:24,201,Payment authorized by acquirer
GWL-00184,TXN-10085,SET-009,PayFlux,PAYMENT_RECEIVED,RECEIVED,2026-08-31 09:14:00,200,Payment request received by gateway
GWL-00185,TXN-10085,SET-009,PayFlux,PAYMENT_AUTHORIZED,AUTHORIZED,2026-08-31 09:14:16,201,Payment authorized by acquirer
GWL-00186,TXN-10086,SET-009,PayFlux,PAYMENT_RECEIVED,RECEIVED,2026-08-31 10:14:00,200,Payment request received by gateway
GWL-00187,TXN-10086,SET-009,PayFlux,PAYMENT_AUTHORIZED,AUTHORIZED,2026-08-31 10:14:43,201,Payment authorized by acquirer
GWL-00188,TXN-10087,SET-009,PayFlux,PAYMENT_RECEIVED,RECEIVED,2026-08-31 13:07:00,200,Payment request received by gateway
GWL-00189,TXN-10087,SET-009,PayFlux,PAYMENT_AUTHORIZED,AUTHORIZED,2026-08-31 13:07:06,201,Payment authorized by acquirer
GWL-00190,TXN-10088,,PayFlux,PAYMENT_RECEIVED,RECEIVED,2026-08-31 13:23:00,200,Payment request received by gateway
GWL-00191,TXN-10088,,PayFlux,PAYMENT_FAILED,FAILED,2026-08-31 13:23:43,500,Gateway internal error while authorizing payment
GWL-00192,TXN-10089,,PayFlux,PAYMENT_RECEIVED,RECEIVED,2026-08-31 15:48:00,200,Payment request received by gateway
GWL-00193,TXN-10089,,PayFlux,PAYMENT_FAILED,FAILED,2026-08-31 15:48:03,500,Gateway internal error while authorizing payment
GWL-00194,TXN-10090,SET-009,PayFlux,PAYMENT_RECEIVED,RECEIVED,2026-08-31 15:49:00,200,Payment request received by gateway
GWL-00195,TXN-10090,SET-009,PayFlux,PAYMENT_AUTHORIZED,AUTHORIZED,2026-08-31 15:49:14,201,Payment authorized by acquirer
GWL-00196,TXN-10091,SET-009,PayFlux,PAYMENT_RECEIVED,RECEIVED,2026-08-31 17:36:00,200,Payment request received by gateway
GWL-00197,TXN-10091,SET-009,PayFlux,PAYMENT_AUTHORIZED,AUTHORIZED,2026-08-31 17:36:03,201,Payment authorized by acquirer
GWL-00198,TXN-10092,,PayFlux,PAYMENT_RECEIVED,RECEIVED,2026-08-31 18:36:00,200,Payment request received by gateway
GWL-00199,TXN-10092,,PayFlux,PAYMENT_FAILED,FAILED,2026-08-31 18:36:41,500,Gateway internal error while authorizing payment
GWL-00200,TXN-10093,SET-009,PayFlux,PAYMENT_RECEIVED,RECEIVED,2026-08-31 19:00:00,200,Payment request received by gateway
GWL-00201,TXN-10093,SET-009,PayFlux,PAYMENT_AUTHORIZED,AUTHORIZED,2026-08-31 19:00:17,201,Payment authorized by acquirer
GWL-00202,TXN-10094,SET-009,PayFlux,PAYMENT_RECEIVED,RECEIVED,2026-08-31 19:27:00,200,Payment request received by gateway
GWL-00203,TXN-10094,SET-009,PayFlux,PAYMENT_AUTHORIZED,AUTHORIZED,2026-08-31 19:27:10,201,Payment authorized by acquirer
GWL-00204,,SET-009,PayFlux,SETTLEMENT_CREATED,CREATED,2026-08-31 22:05:00,201,Settlement batch created from 8 authorized transactions
GWL-00205,,SET-009,PayFlux,SETTLEMENT_SUBMITTED,FAILED,2026-08-31 22:30:00,500,Gateway internal error while submitting settlement file to bank
GWL-00206,TXN-10107,SET-011,QuickSettle,PAYMENT_RECEIVED,RECEIVED,2026-09-01 08:25:00,200,Payment request received by gateway
GWL-00207,TXN-10107,SET-011,QuickSettle,PAYMENT_AUTHORIZED,AUTHORIZED,2026-09-01 08:25:12,201,Payment authorized by acquirer
GWL-00208,TXN-10095,SET-010,PayFlux,PAYMENT_RECEIVED,RECEIVED,2026-09-01 08:52:00,200,Payment request received by gateway
GWL-00209,TXN-10095,SET-010,PayFlux,PAYMENT_AUTHORIZED,AUTHORIZED,2026-09-01 08:52:32,201,Payment authorized by acquirer
GWL-00210,TXN-10096,SET-010,PayFlux,PAYMENT_RECEIVED,RECEIVED,2026-09-01 09:34:00,200,Payment request received by gateway
GWL-00211,TXN-10096,SET-010,PayFlux,PAYMENT_AUTHORIZED,AUTHORIZED,2026-09-01 09:34:44,201,Payment authorized by acquirer
GWL-00212,TXN-10108,SET-011,QuickSettle,PAYMENT_RECEIVED,RECEIVED,2026-09-01 10:38:00,200,Payment request received by gateway
GWL-00213,TXN-10108,SET-011,QuickSettle,PAYMENT_AUTHORIZED,AUTHORIZED,2026-09-01 10:38:21,201,Payment authorized by acquirer
GWL-00214,TXN-10109,SET-011,QuickSettle,PAYMENT_RECEIVED,RECEIVED,2026-09-01 10:46:00,200,Payment request received by gateway
GWL-00215,TXN-10109,SET-011,QuickSettle,PAYMENT_AUTHORIZED,AUTHORIZED,2026-09-01 10:46:08,201,Payment authorized by acquirer
GWL-00216,TXN-10110,SET-011,QuickSettle,PAYMENT_RECEIVED,RECEIVED,2026-09-01 11:01:00,200,Payment request received by gateway
GWL-00217,TXN-10110,SET-011,QuickSettle,PAYMENT_AUTHORIZED,AUTHORIZED,2026-09-01 11:01:39,201,Payment authorized by acquirer
GWL-00218,TXN-10111,,QuickSettle,PAYMENT_RECEIVED,RECEIVED,2026-09-01 11:03:00,200,Payment request received by gateway
GWL-00219,TXN-10111,,QuickSettle,PAYMENT_FAILED,FAILED,2026-09-01 11:03:03,402,Insufficient balance on customer card
GWL-00220,TXN-10097,SET-010,PayFlux,PAYMENT_RECEIVED,RECEIVED,2026-09-01 11:28:00,200,Payment request received by gateway
GWL-00221,TXN-10097,SET-010,PayFlux,PAYMENT_AUTHORIZED,AUTHORIZED,2026-09-01 11:28:09,201,Payment authorized by acquirer
GWL-00222,TXN-10112,SET-011,QuickSettle,PAYMENT_RECEIVED,RECEIVED,2026-09-01 12:02:00,200,Payment request received by gateway
GWL-00223,TXN-10112,SET-011,QuickSettle,PAYMENT_AUTHORIZED,AUTHORIZED,2026-09-01 12:02:38,201,Payment authorized by acquirer
GWL-00224,TXN-10098,SET-010,PayFlux,PAYMENT_RECEIVED,RECEIVED,2026-09-01 12:17:00,200,Payment request received by gateway
GWL-00225,TXN-10098,SET-010,PayFlux,PAYMENT_AUTHORIZED,AUTHORIZED,2026-09-01 12:17:38,201,Payment authorized by acquirer
GWL-00226,TXN-10099,SET-010,PayFlux,PAYMENT_RECEIVED,RECEIVED,2026-09-01 12:30:00,200,Payment request received by gateway
GWL-00227,TXN-10099,SET-010,PayFlux,PAYMENT_AUTHORIZED,AUTHORIZED,2026-09-01 12:30:15,201,Payment authorized by acquirer
GWL-00228,TXN-10100,SET-010,PayFlux,PAYMENT_RECEIVED,RECEIVED,2026-09-01 12:43:00,200,Payment request received by gateway
GWL-00229,TXN-10100,SET-010,PayFlux,PAYMENT_AUTHORIZED,AUTHORIZED,2026-09-01 12:43:31,201,Payment authorized by acquirer
GWL-00230,TXN-10113,SET-011,QuickSettle,PAYMENT_RECEIVED,RECEIVED,2026-09-01 13:40:00,200,Payment request received by gateway
GWL-00231,TXN-10113,SET-011,QuickSettle,PAYMENT_AUTHORIZED,AUTHORIZED,2026-09-01 13:40:45,201,Payment authorized by acquirer
GWL-00232,TXN-10101,SET-010,PayFlux,PAYMENT_RECEIVED,RECEIVED,2026-09-01 13:51:00,200,Payment request received by gateway
GWL-00233,TXN-10101,SET-010,PayFlux,PAYMENT_AUTHORIZED,AUTHORIZED,2026-09-01 13:51:18,201,Payment authorized by acquirer
GWL-00234,TXN-10114,SET-011,QuickSettle,PAYMENT_RECEIVED,RECEIVED,2026-09-01 15:01:00,200,Payment request received by gateway
GWL-00235,TXN-10114,SET-011,QuickSettle,PAYMENT_AUTHORIZED,AUTHORIZED,2026-09-01 15:01:26,201,Payment authorized by acquirer
GWL-00236,TXN-10115,SET-011,QuickSettle,PAYMENT_RECEIVED,RECEIVED,2026-09-01 15:02:00,200,Payment request received by gateway
GWL-00237,TXN-10115,SET-011,QuickSettle,PAYMENT_AUTHORIZED,AUTHORIZED,2026-09-01 15:02:27,201,Payment authorized by acquirer
GWL-00238,TXN-10102,SET-010,PayFlux,PAYMENT_RECEIVED,RECEIVED,2026-09-01 15:13:00,200,Payment request received by gateway
GWL-00239,TXN-10102,SET-010,PayFlux,PAYMENT_AUTHORIZED,AUTHORIZED,2026-09-01 15:13:25,201,Payment authorized by acquirer
GWL-00240,TXN-10103,SET-010,PayFlux,PAYMENT_RECEIVED,RECEIVED,2026-09-01 16:20:00,200,Payment request received by gateway
GWL-00241,TXN-10103,SET-010,PayFlux,PAYMENT_AUTHORIZED,AUTHORIZED,2026-09-01 16:20:12,201,Payment authorized by acquirer
GWL-00242,TXN-10104,SET-010,PayFlux,PAYMENT_RECEIVED,RECEIVED,2026-09-01 16:37:00,200,Payment request received by gateway
GWL-00243,TXN-10104,SET-010,PayFlux,PAYMENT_AUTHORIZED,AUTHORIZED,2026-09-01 16:37:40,201,Payment authorized by acquirer
GWL-00244,TXN-10116,SET-011,QuickSettle,PAYMENT_RECEIVED,RECEIVED,2026-09-01 18:35:00,200,Payment request received by gateway
GWL-00245,TXN-10116,SET-011,QuickSettle,PAYMENT_AUTHORIZED,AUTHORIZED,2026-09-01 18:35:14,201,Payment authorized by acquirer
GWL-00246,TXN-10105,SET-010,PayFlux,PAYMENT_RECEIVED,RECEIVED,2026-09-01 18:49:00,200,Payment request received by gateway
GWL-00247,TXN-10105,SET-010,PayFlux,PAYMENT_AUTHORIZED,AUTHORIZED,2026-09-01 18:49:40,201,Payment authorized by acquirer
GWL-00248,TXN-10106,SET-010,PayFlux,PAYMENT_RECEIVED,RECEIVED,2026-09-01 19:43:00,200,Payment request received by gateway
GWL-00249,TXN-10106,SET-010,PayFlux,PAYMENT_AUTHORIZED,AUTHORIZED,2026-09-01 19:43:09,201,Payment authorized by acquirer
GWL-00250,,SET-010,PayFlux,SETTLEMENT_CREATED,CREATED,2026-09-01 22:05:00,201,Settlement batch created from 12 authorized transactions
GWL-00251,,SET-011,QuickSettle,SETTLEMENT_CREATED,CREATED,2026-09-01 22:05:00,201,Settlement batch created from 9 authorized transactions
GWL-00252,,SET-010,PayFlux,SETTLEMENT_SUBMITTED,SUBMITTED,2026-09-01 22:30:00,200,Settlement file submitted to bank for payout
GWL-00253,,SET-011,QuickSettle,SETTLEMENT_SUBMITTED,SUBMITTED,2026-09-01 22:30:00,200,Settlement file submitted to bank for payout
GWL-00254,TXN-10117,SET-012,QuickSettle,PAYMENT_RECEIVED,RECEIVED,2026-09-02 08:28:00,200,Payment request received by gateway
GWL-00255,TXN-10117,SET-012,QuickSettle,PAYMENT_AUTHORIZED,AUTHORIZED,2026-09-02 08:28:06,201,Payment authorized by acquirer
GWL-00256,TXN-10118,SET-012,QuickSettle,PAYMENT_RECEIVED,RECEIVED,2026-09-02 09:58:00,200,Payment request received by gateway
GWL-00257,TXN-10118,SET-012,QuickSettle,PAYMENT_AUTHORIZED,AUTHORIZED,2026-09-02 09:58:39,201,Payment authorized by acquirer
GWL-00258,TXN-10125,,DemoPay,PAYMENT_RECEIVED,RECEIVED,2026-09-02 10:07:00,200,Payment request received by gateway
GWL-00259,TXN-10125,,DemoPay,PAYMENT_FAILED,FAILED,2026-09-02 10:07:09,400,Invalid CVV in payment request
GWL-00260,TXN-10126,SET-013,DemoPay,PAYMENT_RECEIVED,RECEIVED,2026-09-02 10:10:00,200,Payment request received by gateway
GWL-00261,TXN-10126,SET-013,DemoPay,PAYMENT_AUTHORIZED,AUTHORIZED,2026-09-02 10:10:04,201,Payment authorized by acquirer
GWL-00262,TXN-10127,,DemoPay,PAYMENT_RECEIVED,RECEIVED,2026-09-02 13:02:00,200,Payment request received by gateway
GWL-00263,TXN-10127,,DemoPay,PAYMENT_FAILED,FAILED,2026-09-02 13:02:24,400,Invalid CVV in payment request
GWL-00264,TXN-10128,,DemoPay,PAYMENT_RECEIVED,RECEIVED,2026-09-02 13:07:00,200,Payment request received by gateway
GWL-00265,TXN-10128,,DemoPay,PAYMENT_FAILED,FAILED,2026-09-02 13:07:29,400,Invalid CVV in payment request
GWL-00266,TXN-10129,,DemoPay,PAYMENT_RECEIVED,RECEIVED,2026-09-02 13:16:00,200,Payment request received by gateway
GWL-00267,TXN-10129,,DemoPay,PAYMENT_FAILED,FAILED,2026-09-02 13:16:25,402,Card declined by issuing bank
GWL-00268,TXN-10130,,DemoPay,PAYMENT_RECEIVED,RECEIVED,2026-09-02 13:34:00,200,Payment request received by gateway
GWL-00269,TXN-10130,,DemoPay,PAYMENT_FAILED,FAILED,2026-09-02 13:34:34,400,Invalid CVV in payment request
GWL-00270,TXN-10119,SET-012,QuickSettle,PAYMENT_RECEIVED,RECEIVED,2026-09-02 13:39:00,200,Payment request received by gateway
GWL-00271,TXN-10119,SET-012,QuickSettle,PAYMENT_AUTHORIZED,AUTHORIZED,2026-09-02 13:39:42,201,Payment authorized by acquirer
GWL-00272,TXN-10120,SET-012,QuickSettle,PAYMENT_RECEIVED,RECEIVED,2026-09-02 14:49:00,200,Payment request received by gateway
GWL-00273,TXN-10120,SET-012,QuickSettle,PAYMENT_AUTHORIZED,AUTHORIZED,2026-09-02 14:49:17,201,Payment authorized by acquirer
GWL-00274,TXN-10131,SET-013,DemoPay,PAYMENT_RECEIVED,RECEIVED,2026-09-02 14:52:00,200,Payment request received by gateway
GWL-00275,TXN-10131,SET-013,DemoPay,PAYMENT_AUTHORIZED,AUTHORIZED,2026-09-02 14:52:23,201,Payment authorized by acquirer
GWL-00276,TXN-10132,SET-013,DemoPay,PAYMENT_RECEIVED,RECEIVED,2026-09-02 14:58:00,200,Payment request received by gateway
GWL-00277,TXN-10132,SET-013,DemoPay,PAYMENT_AUTHORIZED,AUTHORIZED,2026-09-02 14:58:02,201,Payment authorized by acquirer
GWL-00278,TXN-10133,,DemoPay,PAYMENT_RECEIVED,RECEIVED,2026-09-02 16:39:00,200,Payment request received by gateway
GWL-00279,TXN-10133,,DemoPay,PAYMENT_FAILED,FAILED,2026-09-02 16:39:28,402,Insufficient balance on customer card
GWL-00280,TXN-10121,SET-012,QuickSettle,PAYMENT_RECEIVED,RECEIVED,2026-09-02 16:41:00,200,Payment request received by gateway
GWL-00281,TXN-10121,SET-012,QuickSettle,PAYMENT_AUTHORIZED,AUTHORIZED,2026-09-02 16:41:08,201,Payment authorized by acquirer
GWL-00282,TXN-10122,SET-012,QuickSettle,PAYMENT_RECEIVED,RECEIVED,2026-09-02 17:09:00,200,Payment request received by gateway
GWL-00283,TXN-10122,SET-012,QuickSettle,PAYMENT_AUTHORIZED,AUTHORIZED,2026-09-02 17:09:21,201,Payment authorized by acquirer
GWL-00284,TXN-10134,,DemoPay,PAYMENT_RECEIVED,RECEIVED,2026-09-02 17:27:00,200,Payment request received by gateway
GWL-00285,TXN-10134,,DemoPay,PAYMENT_RECEIVED,PENDING,2026-09-02 17:27:08,202,Awaiting authorization from acquirer
GWL-00286,TXN-10123,SET-012,QuickSettle,PAYMENT_RECEIVED,RECEIVED,2026-09-02 18:56:00,200,Payment request received by gateway
GWL-00287,TXN-10123,SET-012,QuickSettle,PAYMENT_AUTHORIZED,AUTHORIZED,2026-09-02 18:56:45,201,Payment authorized by acquirer
GWL-00288,TXN-10135,,DemoPay,PAYMENT_RECEIVED,RECEIVED,2026-09-02 19:19:00,200,Payment request received by gateway
GWL-00289,TXN-10135,,DemoPay,PAYMENT_FAILED,FAILED,2026-09-02 19:19:29,402,Insufficient balance on customer card
GWL-00290,TXN-10136,,DemoPay,PAYMENT_RECEIVED,RECEIVED,2026-09-02 19:22:00,200,Payment request received by gateway
GWL-00291,TXN-10136,,DemoPay,PAYMENT_FAILED,FAILED,2026-09-02 19:22:42,402,Insufficient balance on customer card
GWL-00292,TXN-10124,SET-012,QuickSettle,PAYMENT_RECEIVED,RECEIVED,2026-09-02 19:35:00,200,Payment request received by gateway
GWL-00293,TXN-10124,SET-012,QuickSettle,PAYMENT_AUTHORIZED,AUTHORIZED,2026-09-02 19:35:40,201,Payment authorized by acquirer
GWL-00294,TXN-10137,SET-013,DemoPay,PAYMENT_RECEIVED,RECEIVED,2026-09-02 19:53:00,200,Payment request received by gateway
GWL-00295,TXN-10137,SET-013,DemoPay,PAYMENT_AUTHORIZED,AUTHORIZED,2026-09-02 19:53:11,201,Payment authorized by acquirer
GWL-00296,,SET-012,QuickSettle,SETTLEMENT_CREATED,CREATED,2026-09-02 22:05:00,201,Settlement batch created from 8 authorized transactions
GWL-00297,,SET-013,DemoPay,SETTLEMENT_CREATED,CREATED,2026-09-02 22:05:00,201,Settlement batch created from 4 authorized transactions
GWL-00298,,SET-012,QuickSettle,SETTLEMENT_SUBMITTED,SUBMITTED,2026-09-02 22:30:00,200,Settlement file submitted to bank for payout
GWL-00299,,SET-013,DemoPay,SETTLEMENT_SUBMITTED,SUBMITTED,2026-09-02 22:30:00,200,Settlement file submitted to bank for payout
GWL-00300,TXN-10138,SET-014,DemoPay,PAYMENT_RECEIVED,RECEIVED,2026-09-03 08:25:00,200,Payment request received by gateway
GWL-00301,TXN-10138,SET-014,DemoPay,PAYMENT_AUTHORIZED,AUTHORIZED,2026-09-03 08:25:29,201,Payment authorized by acquirer
GWL-00302,TXN-10139,,DemoPay,PAYMENT_RECEIVED,RECEIVED,2026-09-03 08:47:00,200,Payment request received by gateway
GWL-00303,TXN-10139,,DemoPay,PAYMENT_RECEIVED,PENDING,2026-09-03 08:47:13,202,Awaiting authorization from acquirer
GWL-00304,TXN-10140,SET-014,DemoPay,PAYMENT_RECEIVED,RECEIVED,2026-09-03 09:14:00,200,Payment request received by gateway
GWL-00305,TXN-10140,SET-014,DemoPay,PAYMENT_AUTHORIZED,AUTHORIZED,2026-09-03 09:14:35,201,Payment authorized by acquirer
GWL-00306,TXN-10141,SET-014,DemoPay,PAYMENT_RECEIVED,RECEIVED,2026-09-03 11:19:00,200,Payment request received by gateway
GWL-00307,TXN-10141,SET-014,DemoPay,PAYMENT_AUTHORIZED,AUTHORIZED,2026-09-03 11:19:43,201,Payment authorized by acquirer
GWL-00308,TXN-10142,SET-014,DemoPay,PAYMENT_RECEIVED,RECEIVED,2026-09-03 12:10:00,200,Payment request received by gateway
GWL-00309,TXN-10142,SET-014,DemoPay,PAYMENT_AUTHORIZED,AUTHORIZED,2026-09-03 12:10:19,201,Payment authorized by acquirer
GWL-00310,TXN-10143,SET-014,DemoPay,PAYMENT_RECEIVED,RECEIVED,2026-09-03 15:04:00,200,Payment request received by gateway
GWL-00311,TXN-10143,SET-014,DemoPay,PAYMENT_AUTHORIZED,AUTHORIZED,2026-09-03 15:04:41,201,Payment authorized by acquirer
GWL-00312,TXN-10144,SET-014,DemoPay,PAYMENT_RECEIVED,RECEIVED,2026-09-03 15:46:00,200,Payment request received by gateway
GWL-00313,TXN-10144,SET-014,DemoPay,PAYMENT_AUTHORIZED,AUTHORIZED,2026-09-03 15:46:36,201,Payment authorized by acquirer
GWL-00314,TXN-10145,,DemoPay,PAYMENT_RECEIVED,RECEIVED,2026-09-03 16:06:00,200,Payment request received by gateway
GWL-00315,TXN-10145,,DemoPay,PAYMENT_RECEIVED,PENDING,2026-09-03 16:06:32,202,Awaiting authorization from acquirer
GWL-00316,TXN-10146,SET-014,DemoPay,PAYMENT_RECEIVED,RECEIVED,2026-09-03 17:49:00,200,Payment request received by gateway
GWL-00317,TXN-10146,SET-014,DemoPay,PAYMENT_AUTHORIZED,AUTHORIZED,2026-09-03 17:49:31,201,Payment authorized by acquirer
GWL-00318,TXN-10147,SET-014,DemoPay,PAYMENT_RECEIVED,RECEIVED,2026-09-03 18:25:00,200,Payment request received by gateway
GWL-00319,TXN-10147,SET-014,DemoPay,PAYMENT_AUTHORIZED,AUTHORIZED,2026-09-03 18:25:29,201,Payment authorized by acquirer
GWL-00320,TXN-10148,SET-014,DemoPay,PAYMENT_RECEIVED,RECEIVED,2026-09-03 18:44:00,200,Payment request received by gateway
GWL-00321,TXN-10148,SET-014,DemoPay,PAYMENT_AUTHORIZED,AUTHORIZED,2026-09-03 18:44:39,201,Payment authorized by acquirer
GWL-00322,TXN-10149,SET-014,DemoPay,PAYMENT_RECEIVED,RECEIVED,2026-09-03 19:53:00,200,Payment request received by gateway
GWL-00323,TXN-10149,SET-014,DemoPay,PAYMENT_AUTHORIZED,AUTHORIZED,2026-09-03 19:53:19,201,Payment authorized by acquirer
GWL-00324,,SET-014,DemoPay,SETTLEMENT_CREATED,CREATED,2026-09-03 22:05:00,201,Settlement batch created from 10 authorized transactions
GWL-00325,,SET-014,DemoPay,SETTLEMENT_SUBMITTED,SUBMITTED,2026-09-03 22:30:00,200,Settlement file submitted to bank for payout
GWL-00326,TXN-10153,,PayFlux,PAYMENT_RECEIVED,RECEIVED,2026-09-04 10:47:00,200,Payment request received by gateway
GWL-00327,TXN-10153,,PayFlux,PAYMENT_FAILED,FAILED,2026-09-04 10:47:19,402,Insufficient balance on customer card
GWL-00328,TXN-10154,,QuickSettle,PAYMENT_RECEIVED,RECEIVED,2026-09-04 11:48:00,200,Payment request received by gateway
GWL-00329,TXN-10154,,QuickSettle,PAYMENT_AUTHORIZED,AUTHORIZED,2026-09-04 11:48:17,201,Payment authorized by acquirer
GWL-00330,TXN-10155,,QuickSettle,PAYMENT_RECEIVED,RECEIVED,2026-09-04 11:49:00,200,Payment request received by gateway
GWL-00331,TXN-10155,,QuickSettle,PAYMENT_RECEIVED,PENDING,2026-09-04 11:49:31,202,Awaiting authorization from acquirer
GWL-00332,TXN-10152,,PayFlux,PAYMENT_RECEIVED,RECEIVED,2026-09-04 12:53:00,200,Payment request received by gateway
GWL-00333,TXN-10152,,PayFlux,PAYMENT_RECEIVED,PENDING,2026-09-04 12:53:07,202,Awaiting authorization from acquirer
GWL-00334,TXN-10150,,DemoPay,PAYMENT_RECEIVED,RECEIVED,2026-09-04 13:20:00,200,Payment request received by gateway
GWL-00335,TXN-10150,,DemoPay,PAYMENT_AUTHORIZED,AUTHORIZED,2026-09-04 13:20:22,201,Payment authorized by acquirer
GWL-00336,TXN-10151,,DemoPay,PAYMENT_RECEIVED,RECEIVED,2026-09-04 13:52:00,200,Payment request received by gateway
GWL-00337,TXN-10151,,DemoPay,PAYMENT_AUTHORIZED,AUTHORIZED,2026-09-04 13:52:17,201,Payment authorized by acquirer
